"Tumor_Sample_Barcode","cohort_name","group","TP53_status","EGFR_status","TP53_EGFR_group","jaccard_cluster"
"CA00143","WES_SHANGHAI","WES","Mut","Mut","Both_mut",1
"CA00421","WES_SHANGHAI","WES","Mut","Mut","Both_mut",1
"CA00509","WES_SHANGHAI","WES","Mut","Mut","Both_mut",1
"CA00787","WES_SHANGHAI","WES","Mut","Mut","Both_mut",1
"CA02840","WES_SHANGHAI","WES","Mut","Mut","Both_mut",1
"CA05522","WES_SHANGHAI","WES","Mut","Mut","Both_mut",1
"CA05659","WES_SHANGHAI","WES","Mut","Mut","Both_mut",1
"CA05720","WES_SHANGHAI","WES","Mut","Mut","Both_mut",1
"CA06570","WES_SHANGHAI","WES","Mut","Mut","Both_mut",1
"CA07192","WES_SHANGHAI","WES","Mut","Mut","Both_mut",1
"CA08187","WES_SHANGHAI","WES","Mut","Mut","Both_mut",1
"CA08595","WES_SHANGHAI","WES","Mut","Mut","Both_mut",1
"CA09547","WES_SHANGHAI","WES","Mut","Mut","Both_mut",1
"CA10279","WES_SHANGHAI","WES","Mut","Mut","Both_mut",1
"CA12533","WES_SHANGHAI","WES","Mut","Mut","Both_mut",1
"DHP17B","cellreport_WES","WES","Mut","Mut","Both_mut",1
"DHP4B","cellreport_WES","WES","Mut","Mut","Both_mut",1
"JT_LUADB15BM","cellreport_WES","WES","Mut","Mut","Both_mut",1
"JT_LUADB31BM","cellreport_WES","WES","Mut","Mut","Both_mut",1
"LC12M","cellreport_WES","WES","Mut","Mut","Both_mut",1
"LS015M","cellreport_WES","WES","Mut","Mut","Both_mut",1
"LS022M","cellreport_WES","WES","Mut","Mut","Both_mut",1
"LS023M","cellreport_WES","WES","Mut","Mut","Both_mut",1
"P17B","cellreport_WES","WES","Mut","Mut","Both_mut",1
"P54B","cellreport_WES","WES","Mut","Mut","Both_mut",1
"P58B","cellreport_WES","WES","Mut","Mut","Both_mut",1
"PB0098-M","cellreport_WES","WES","Mut","Mut","Both_mut",1
"PB0261-M","cellreport_WES","WES","Mut","Mut","Both_mut",1
"CA01122","WES_SHANGHAI","WES","Mut","WT","TP53_only",2
"CA01470","WES_SHANGHAI","WES","Mut","WT","TP53_only",2
"CA02039","WES_SHANGHAI","WES","Mut","WT","TP53_only",2
"CA02194","WES_SHANGHAI","WES","Mut","WT","TP53_only",2
"CA02668","WES_SHANGHAI","WES","Mut","WT","TP53_only",2
"CA02818","WES_SHANGHAI","WES","Mut","WT","TP53_only",2
"CA02836","WES_SHANGHAI","WES","Mut","WT","TP53_only",2
"CA03214","WES_SHANGHAI","WES","Mut","WT","TP53_only",2
"CA04586","WES_SHANGHAI","WES","Mut","WT","TP53_only",2
"CA05162","WES_SHANGHAI","WES","Mut","WT","TP53_only",2
"CA05280","WES_SHANGHAI","WES","Mut","WT","TP53_only",2
"CA06374","WES_SHANGHAI","WES","Mut","WT","TP53_only",2
"CA06692","WES_SHANGHAI","WES","Mut","WT","TP53_only",2
"CA06950","WES_SHANGHAI","WES","Mut","WT","TP53_only",2
"CA08306","WES_SHANGHAI","WES","Mut","WT","TP53_only",2
"CA08355","WES_SHANGHAI","WES","Mut","WT","TP53_only",2
"CA08538","WES_SHANGHAI","WES","Mut","WT","TP53_only",2
"CA09324","WES_SHANGHAI","WES","Mut","WT","TP53_only",2
"CA09720","WES_SHANGHAI","WES","Mut","WT","TP53_only",2
"CA10922","WES_SHANGHAI","WES","Mut","WT","TP53_only",2
"CA11388","WES_SHANGHAI","WES","Mut","WT","TP53_only",2
"CA12402","WES_SHANGHAI","WES","Mut","WT","TP53_only",2
"CRUK0029_BR_T1.R","cellreport_WES","WES","Mut","WT","TP53_only",2
"CRUK0484_BP_T1.R","cellreport_WES","WES","Mut","WT","TP53_only",2
"CRUK0590_BR_T1.FR","cellreport_WES","WES","Mut","WT","TP53_only",2
"CRUK0590_BR_T3.FR","cellreport_WES","WES","Mut","WT","TP53_only",2
"DHP13B","cellreport_WES","WES","Mut","WT","TP53_only",2
"DHP15B","cellreport_WES","WES","Mut","WT","TP53_only",2
"DHP18B","cellreport_WES","WES","Mut","WT","TP53_only",2
"DHP21B","cellreport_WES","WES","Mut","WT","TP53_only",2
"DHP6B","cellreport_WES","WES","Mut","WT","TP53_only",2
"DHP7B","cellreport_WES","WES","Mut","WT","TP53_only",2
"LC11M1","cellreport_WES","WES","Mut","WT","TP53_only",2
"LC11M2","cellreport_WES","WES","Mut","WT","TP53_only",2
"LC13M","cellreport_WES","WES","Mut","WT","TP53_only",2
"LC17M","cellreport_WES","WES","Mut","WT","TP53_only",2
"LC2M","cellreport_WES","WES","Mut","WT","TP53_only",2
"LC4M","cellreport_WES","WES","Mut","WT","TP53_only",2
"LC5M","cellreport_WES","WES","Mut","WT","TP53_only",2
"LC8M","cellreport_WES","WES","Mut","WT","TP53_only",2
"LC9M","cellreport_WES","WES","Mut","WT","TP53_only",2
"LS013M","cellreport_WES","WES","Mut","WT","TP53_only",2
"LS018M","cellreport_WES","WES","Mut","WT","TP53_only",2
"LS020M","cellreport_WES","WES","Mut","WT","TP53_only",2
"LS021M","cellreport_WES","WES","Mut","WT","TP53_only",2
"LS029M","cellreport_WES","WES","Mut","WT","TP53_only",2
"P10B","cellreport_WES","WES","Mut","WT","TP53_only",2
"P18B","cellreport_WES","WES","Mut","WT","TP53_only",2
"P49B","cellreport_WES","WES","Mut","WT","TP53_only",2
"P50B","cellreport_WES","WES","Mut","WT","TP53_only",2
"P57B","cellreport_WES","WES","Mut","WT","TP53_only",2
"P6B","cellreport_WES","WES","Mut","WT","TP53_only",2
"PB0031-M","cellreport_WES","WES","Mut","WT","TP53_only",2
"PB0052-M","cellreport_WES","WES","Mut","WT","TP53_only",2
"PB0086-M","cellreport_WES","WES","Mut","WT","TP53_only",2
"PB0103-M","cellreport_WES","WES","Mut","WT","TP53_only",2
"PB0119-M","cellreport_WES","WES","Mut","WT","TP53_only",2
"PB0147M","cellreport_WES","WES","Mut","WT","TP53_only",2
"PB0160-M","cellreport_WES","WES","Mut","WT","TP53_only",2
"PB0201-M","cellreport_WES","WES","Mut","WT","TP53_only",2
"PB0262-M","cellreport_WES","WES","Mut","WT","TP53_only",2
"PB0263-M","cellreport_WES","WES","Mut","WT","TP53_only",2
"PB0321-M","cellreport_WES","WES","Mut","WT","TP53_only",2
"PB0333-M","cellreport_WES","WES","Mut","WT","TP53_only",2
"PB0344_BM","cellreport_WES","WES","Mut","WT","TP53_only",2
"PB0347_BM","cellreport_WES","WES","Mut","WT","TP53_only",2
"PB0349_BM","cellreport_WES","WES","Mut","WT","TP53_only",2
"PB0376M","cellreport_WES","WES","Mut","WT","TP53_only",2
"PB0441_BM","cellreport_WES","WES","Mut","WT","TP53_only",2
"PB0462M","cellreport_WES","WES","Mut","WT","TP53_only",2
"TWF_LUAD40BR","cellreport_WES","WES","Mut","WT","TP53_only",2
"CA03585","WES_SHANGHAI","WES","WT","Mut","EGFR_only",4
"CA03593","WES_SHANGHAI","WES","WT","Mut","EGFR_only",4
"CA03758","WES_SHANGHAI","WES","WT","Mut","EGFR_only",4
"CA04153","WES_SHANGHAI","WES","WT","Mut","EGFR_only",4
"CA06254","WES_SHANGHAI","WES","WT","Mut","EGFR_only",4
"CA07702","WES_SHANGHAI","WES","WT","Mut","EGFR_only",4
"CA09808","WES_SHANGHAI","WES","WT","Mut","EGFR_only",4
"CA09851","WES_SHANGHAI","WES","WT","Mut","EGFR_only",4
"CA10480","WES_SHANGHAI","WES","WT","Mut","EGFR_only",4
"CA11315","WES_SHANGHAI","WES","WT","Mut","EGFR_only",4
"CA12345","WES_SHANGHAI","WES","WT","Mut","EGFR_only",4
"DHP11B","cellreport_WES","WES","WT","Mut","EGFR_only",4
"DHP8B","cellreport_WES","WES","WT","Mut","EGFR_only",4
"P12B","cellreport_WES","WES","WT","Mut","EGFR_only",4
"P48B","cellreport_WES","WES","WT","Mut","EGFR_only",4
"P9B","cellreport_WES","WES","WT","Mut","EGFR_only",4
"PB0111M","cellreport_WES","WES","WT","Mut","EGFR_only",4
"PB0403M","cellreport_WES","WES","WT","Mut","EGFR_only",4
"CA00918","WES_SHANGHAI","WES","WT","WT","Neither_mut",NA
"CA03111","WES_SHANGHAI","WES","WT","WT","Neither_mut",3
"CA03185","WES_SHANGHAI","WES","WT","WT","Neither_mut",NA
"CA05707","WES_SHANGHAI","WES","WT","WT","Neither_mut",NA
"CA07073","WES_SHANGHAI","WES","WT","WT","Neither_mut",NA
"CA08176","WES_SHANGHAI","WES","WT","WT","Neither_mut",3
"CA08602","WES_SHANGHAI","WES","WT","WT","Neither_mut",3
"CA08954","WES_SHANGHAI","WES","WT","WT","Neither_mut",NA
"CA08956","WES_SHANGHAI","WES","WT","WT","Neither_mut",3
"CA09328","WES_SHANGHAI","WES","WT","WT","Neither_mut",3
"CA09772","WES_SHANGHAI","WES","WT","WT","Neither_mut",3
"CA10530","WES_SHANGHAI","WES","WT","WT","Neither_mut",NA
"CA10605","WES_SHANGHAI","WES","WT","WT","Neither_mut",3
"CA10923","WES_SHANGHAI","WES","WT","WT","Neither_mut",NA
"CA11064","WES_SHANGHAI","WES","WT","WT","Neither_mut",NA
"CA12458","WES_SHANGHAI","WES","WT","WT","Neither_mut",3
"DHP12B","cellreport_WES","WES","WT","WT","Neither_mut",3
"DHP16B","cellreport_WES","WES","WT","WT","Neither_mut",NA
"DHP20B","cellreport_WES","WES","WT","WT","Neither_mut",3
"DHP26B","cellreport_WES","WES","WT","WT","Neither_mut",3
"DHP9B","cellreport_WES","WES","WT","WT","Neither_mut",3
"JT_LUADB32BM","cellreport_WES","WES","WT","WT","Neither_mut",3
"JT_LUADB37BM","cellreport_WES","WES","WT","WT","Neither_mut",NA
"LC10M","cellreport_WES","WES","WT","WT","Neither_mut",3
"LC16M1","cellreport_WES","WES","WT","WT","Neither_mut",3
"LC16M2","cellreport_WES","WES","WT","WT","Neither_mut",3
"LS004M","cellreport_WES","WES","WT","WT","Neither_mut",3
"LS010M","cellreport_WES","WES","WT","WT","Neither_mut",3
"LS011M","cellreport_WES","WES","WT","WT","Neither_mut",3
"LS026M","cellreport_WES","WES","WT","WT","Neither_mut",3
"P44B","cellreport_WES","WES","WT","WT","Neither_mut",NA
"PB0042-M","cellreport_WES","WES","WT","WT","Neither_mut",3
"PB0104-M","cellreport_WES","WES","WT","WT","Neither_mut",3
"PB0151-M","cellreport_WES","WES","WT","WT","Neither_mut",3
"PB0161-M","cellreport_WES","WES","WT","WT","Neither_mut",3
"PB0199-M","cellreport_WES","WES","WT","WT","Neither_mut",3
"PB0225M","cellreport_WES","WES","WT","WT","Neither_mut",3
"PB0337-M","cellreport_WES","WES","WT","WT","Neither_mut",3
"PB0405_BM","cellreport_WES","WES","WT","WT","Neither_mut",NA
"PB0460M","cellreport_WES","WES","WT","WT","Neither_mut",3
