"cohort","TP53_EGFR_group","Histology","n"
"Huashan","Both_mut","AdC",19
"cbioportal","Both_mut","AdC",53
"Huashan","TP53_only","AdC",17
"cbioportal","TP53_only","AdC",96
"Huashan","EGFR_only","AdC",13
"cbioportal","EGFR_only","AdC",13
"Huashan","Neither_mut","AdC",16
"cbioportal","Neither_mut","AdC",42
"cbioportal","Both_mut","SqCC",1
"Huashan","TP53_only","SqCC",4
"cbioportal","TP53_only","SqCC",20
"cbioportal","EGFR_only","SqCC",1
"Huashan","Neither_mut","SqCC",1
"cbioportal","Neither_mut","SqCC",1
"Huashan","Both_mut","SCLC",1
"Huashan","TP53_only","SCLC",13
"Huashan","Neither_mut","SCLC",2
"Huashan","TP53_only","LCNEC",3
"cbioportal","TP53_only","LCNEC",4
"Huashan","Neither_mut","LCNEC",4
"cbioportal","Neither_mut","LCNEC",3
