"Tumor_Sample_Barcode","cluster"
"251911539FD",1
"251911542FD",1
"251911545FD",1
"251911549FD",1
"251911550FD",1
"251911551FD",1
"251911552FD",1
"251911554FD",1
"251911558FD",1
"251911560FD",1
"251911561FD",1
"251911564FD",1
"251911567FD",1
"251911568FD",1
"251911572FD",1
"251911574FD",1
"251911577FD",1
"251911578FD",1
"251987248FD",1
"251987257FD",1
"251987262FD",1
"251987267FD",1
"251987268FD",1
"251987270FD",1
"251987272FD",1
"251987277FD",1
"251987280FD",1
"251987281FD",1
"251987283FD",1
"251987284FD",1
"251987288FD",1
"251987289FD",1
"251987290FD",1
"251987292FD",1
"251987298FD",1
"251987299FD",1
"251987304FD",1
"251987306FD",1
"251987307FD",1
"251987309FD",1
"251987310FD",1
"251987312FD",1
"251987314FD",1
"P-0000463-T01-IM3",1
"P-0000627-T01-IM3",1
"P-0000627-T02-IM5",1
"P-0000671-T01-IM3",1
"P-0000924-T01-IM3",1
"P-0001224-T02-IM3",1
"P-0001683-T01-IM3",1
"P-0001891-T01-IM3",1
"P-0001987-T01-IM3",1
"P-0002605-T01-IM3",1
"P-0002874-T01-IM3",1
"P-0003129-T01-IM5",1
"P-0003347-T01-IM5",1
"P-0003527-T01-IM5",1
"P-0004278-T01-IM5",1
"P-0004410-T01-IM5",1
"P-0004733-T02-IM5",1
"P-0005380-T01-IM5",1
"P-0005783-T01-IM5",1
"P-0005783-T02-IM6",1
"P-0006133-T01-IM5",1
"P-0006674-T01-IM5",1
"P-0006724-T01-IM5",1
"P-0008261-T01-IM5",1
"P-0008324-T01-IM5",1
"P-0008472-T01-IM5",1
"P-0008837-T01-IM5",1
"P-0008837-T02-IM6",1
"P-0009080-T01-IM5",1
"P-0009275-T01-IM5",1
"P-0009431-T01-IM5",1
"P-0009591-T01-IM5",1
"P-0009660-T01-IM5",1
"P-0009715-T01-IM5",1
"P-0009789-T01-IM5",1
"P-0009789-T02-IM6",1
"P-0009955-T01-IM5",1
"P-0009955-T02-IM6",1
"P-0010213-T01-IM5",1
"P-0010916-T01-IM5",1
"P-0011331-T01-IM5",1
"P-0012082-T01-IM5",1
"P-0012633-T01-IM5",1
"P-0012736-T01-IM5",1
"P-0012833-T01-IM5",1
"P-0012873-T02-IM6",1
"P-0014061-T01-IM5",1
"P-0014061-T02-IM6",1
"P-0014128-T01-IM5",1
"P-0014293-T01-IM6",1
"P-0014813-T01-IM6",1
"P-0014844-T01-IM6",1
"P-0015412-T01-IM6",1
"P-0015531-T01-IM6",1
"P-0015600-T01-IM6",1
"P-0016365-T01-IM6",1
"P-0019977-T01-IM6",1
"P-0020120-T01-IM6",1
"P-0020458-T01-IM6",1
"P-0020761-T01-IM6",1
"P-0021266-T01-IM6",1
"P-0021470-T01-IM6",1
"P-0021544-T01-IM6",1
"P-0021873-T01-IM6",1
"P-0021873-T04-IM7",1
"P-0022380-T01-IM6",1
"P-0022380-T02-IM6",1
"P-0022380-T03-IM6",1
"P-0023023-T01-IM6",1
"P-0023023-T04-IM6",1
"P-0023438-T01-IM6",1
"P-0025175-T01-IM6",1
"P-0026521-T01-IM6",1
"P-0026521-T02-IM6",1
"P-0027408-T01-IM6",1
"P-0027639-T01-IM6",1
"P-0028606-T01-IM6",1
"P-0028712-T01-IM6",1
"P-0029556-T01-IM6",1
"P-0031099-T01-IM6",1
"P-0031208-T01-IM6",1
"P-0031219-T01-IM6",1
"P-0031462-T01-IM6",1
"P-0031490-T01-IM6",1
"P-0032526-T01-IM6",1
"P-0032817-T01-IM6",1
"P-0033884-T01-IM6",1
"P-0033884-T03-IM7",1
"P-0034180-T01-IM6",1
"P-0034670-T01-IM6",1
"P-0034882-T01-IM6",1
"P-0035299-T01-IM6",1
"P-0035786-T01-IM6",1
"P-0036808-T01-IM6",1
"P-0037068-T01-IM6",1
"P-0037226-T01-IM6",1
"P-0037226-T02-IM6",1
"P-0037332-T01-IM6",1
"P-0037491-T01-IM6",1
"P-0038790-T01-IM6",1
"P-0040694-T01-IM6",1
"P-0040769-T01-IM6",1
"P-0040769-T02-IM6",1
"P-0041477-T01-IM6",1
"P-0041477-T02-IM7",1
"P-0043822-T01-IM6",1
"P-0043844-T03-IM6",1
"P-0044660-T01-IM6",1
"P-0044985-T01-IM6",1
"P-0046202-T01-IM6",1
"P-0046285-T02-IM7",1
"P-0046436-T01-IM6",1
"P-0046755-T01-IM6",1
"P-0047092-T01-IM6",1
"P-0047156-T01-IM6",1
"P-0049091-T01-IM6",1
"P-0049091-T02-IM6",1
"P-0049965-T01-IM6",1
"P-0049996-T01-IM6",1
"P-0050711-T01-IM6",1
"P-0050949-T01-IM6",1
"P-0051860-T01-IM6",1
"P-0051860-T03-IM7",1
"P-0052500-T01-IM6",1
"P-0052698-T01-IM6",1
"P-0052698-T03-IM6",1
"P-0054834-T01-IM6",1
"P-0055183-T01-IM6",1
"P-0055183-T02-IM6",1
"P-0058303-T02-IM7",1
"P-0062909-T01-IM7",1
"P-0063535-T02-IM7",1
"P-0063678-T01-IM7",1
"P-0064933-T02-IM7",1
"P-0065000-T01-IM7",1
"251911540FD",2
"251911543FD",2
"251911548FD",2
"251911556FD",2
"251911563FD",2
"251911566FD",2
"251911573FD",2
"251911576FD",2
"251925554FD",2
"251987249FD",2
"251987250FD",2
"251987252FD",2
"251987258FD",2
"251987266FD",2
"251987274FD",2
"251987282FD",2
"251987286FD",2
"251987294FD",2
"251987295FD",2
"251987297FD",2
"251987303FD",2
"P-0001397-T01-IM3",2
"P-0002105-T01-IM3",2
"P-0004395-T01-IM5",2
"P-0007418-T01-IM5",2
"P-0007665-T01-IM5",2
"P-0008354-T01-IM5",2
"P-0008764-T01-IM5",2
"P-0008764-T02-IM6",2
"P-0008871-T01-IM5",2
"P-0009275-T02-IM6",2
"P-0010030-T01-IM5",2
"P-0010041-T01-IM5",2
"P-0013202-T01-IM5",2
"P-0015926-T01-IM6",2
"P-0018187-T02-IM6",2
"P-0020133-T01-IM6",2
"P-0020513-T01-IM6",2
"P-0020513-T02-IM6",2
"P-0020766-T01-IM6",2
"P-0021675-T01-IM6",2
"P-0021873-T03-IM7",2
"P-0024635-T01-IM6",2
"P-0025100-T01-IM6",2
"P-0025100-T02-IM6",2
"P-0025777-T01-IM6",2
"P-0028743-T01-IM6",2
"P-0029165-T01-IM6",2
"P-0029951-T01-IM6",2
"P-0041909-T01-IM6",2
"P-0042657-T01-IM6",2
"P-0042657-T02-IM6",2
"P-0043508-T02-IM6",2
"P-0043625-T01-IM6",2
"P-0043625-T02-IM6",2
"P-0044408-T01-IM6",2
"P-0044964-T01-IM6",2
"P-0046824-T03-IM6",2
"P-0047810-T01-IM6",2
"P-0048874-T02-IM6",2
"P-0051898-T01-IM6",2
"P-0052164-T01-IM6",2
"P-0054902-T02-IM6",2
"P-0054902-T03-IM6",2
"P-0064602-T02-IM7",2
"251911541FD",3
"251911546FD",3
"251911547FD",3
"251911555FD",3
"251911569FD",3
"251911570FD",3
"251987251FD",3
"251987253FD",3
"251987259FD",3
"251987271FD",3
"251987273FD",3
"251987279FD",3
"251987287FD",3
"251987291FD",3
"251987293FD",3
"251987301FD",3
"251987305FD",3
"251987311FD",3
"251987313FD",3
"251987315FD",3
"P-0000583-T01-IM3",3
"P-0000913-T02-IM5",3
"P-0000913-T03-IM5",3
"P-0000913-T04-IM6",3
"P-0001832-T01-IM3",3
"P-0001832-T02-IM6",3
"P-0002091-T01-IM3",3
"P-0002091-T02-IM5",3
"P-0002218-T01-IM3",3
"P-0002218-T02-IM5",3
"P-0002218-T05-IM7",3
"P-0003635-T01-IM5",3
"P-0003635-T02-IM5",3
"P-0006789-T01-IM5",3
"P-0006995-T01-IM5",3
"P-0006995-T02-IM6",3
"P-0008131-T01-IM5",3
"P-0008602-T01-IM5",3
"P-0008602-T02-IM6",3
"P-0009623-T01-IM5",3
"P-0011038-T01-IM5",3
"P-0011038-T02-IM6",3
"P-0012043-T01-IM5",3
"P-0012602-T01-IM5",3
"P-0014729-T01-IM6",3
"P-0014729-T02-IM6",3
"P-0014729-T04-IM7",3
"P-0018531-T01-IM6",3
"P-0018821-T01-IM6",3
"P-0021270-T01-IM6",3
"P-0022332-T01-IM6",3
"P-0027639-T02-IM6",3
"P-0027639-T03-IM6",3
"P-0029449-T01-IM6",3
"P-0030706-T01-IM6",3
"P-0030706-T02-IM6",3
"P-0033313-T01-IM6",3
"P-0033313-T02-IM6",3
"P-0033313-T07-IM7",3
"P-0036887-T01-IM6",3
"P-0037338-T01-IM6",3
"P-0037338-T03-IM6",3
"P-0040381-T01-IM6",3
"P-0045433-T01-IM6",3
"P-0045867-T01-IM6",3
"P-0048564-T02-IM6",3
"P-0049559-T01-IM6",3
"P-0050839-T01-IM6",3
"P-0057067-T02-IM7",3
"P-0058090-T02-IM7",3
"P-0058090-T04-IM7",3
"P-0059526-T02-IM7",3
"P-0063426-T01-IM7",3
"251911562FD",4
"251911565FD",4
"251911571FD",4
"251911575FD",4
"251911579FD",4
"251987246FD",4
"251987255FD",4
"251987265FD",4
"251987276FD",4
"251987285FD",4
"251987296FD",4
"251987300FD",4
"251987308FD",4
"P-0006671-T01-IM5",4
"P-0006671-T02-IM6",4
"P-0012160-T01-IM5",4
"P-0012160-T02-IM5",4
"P-0012160-T03-IM6",4
"P-0016366-T01-IM6",4
"P-0019419-T01-IM6",4
"P-0020189-T01-IM6",4
"P-0023306-T01-IM6",4
"P-0026975-T01-IM6",4
"P-0027434-T01-IM6",4
"P-0041219-T01-IM6",4
"P-0041623-T01-IM6",4
