"cluster","gene","count"
"1","EGFR",28
"1","TP53",28
"1","PTPRD",4
"1","FAT1",3
"1","FGFR4",3
"1","KEAP1",3
"1","NF1",3
"1","PTCH1",3
"1","SMARCA4",3
"1","STK11",3
"1","ARID2",2
"1","ATM",2
"1","CARD11",2
"1","CDKN2A",2
"1","DDR2",2
"1","DNMT3A",2
"1","EPHA5",2
"1","ERBB4",2
"1","GRIN2A",2
"1","HGF",2
"2","TP53",71
"2","FAT1",18
"2","KRAS",18
"2","SMARCA4",16
"2","ALK",15
"2","ARID1A",14
"2","KEAP1",14
"2","PTPRD",14
"2","EPHA3",13
"2","RB1",11
"2","CREBBP",10
"2","EPHA5",10
"2","KDR",10
"2","NF1",10
"2","PDGFRA",10
"2","EPHB1",9
"2","CDKN2A",8
"2","DNMT3A",8
"2","ERBB4",8
"2","GRIN2A",8
"3","KRAS",16
"3","PTPRD",8
"3","ARID1B",7
"3","ATM",6
"3","KEAP1",6
"3","STK11",6
"3","IL7R",5
"3","NF1",5
"3","DNMT3A",4
"3","EPHB1",4
"3","HGF",4
"3","AKT3",3
"3","ARID1A",3
"3","BRCA2",3
"3","CDK12",3
"3","DICER1",3
"3","DIS3",3
"3","EPHA5",3
"3","FAT1",3
"3","FGFR2",3
"4","EGFR",18
"4","ARID1B",6
"4","SMAD4",4
"4","EPHA3",3
"4","ASXL1",2
"4","CSF3R",2
"4","CTNNB1",2
"4","ERCC2",2
"4","GATA3",2
"4","GNAS",2
"4","HNF1A",2
"4","MDM4",2
"4","NF1",2
"4","POT1",2
"4","RAD50",2
"4","RBM10",2
"4","AKT1",1
"4","APC",1
"4","ARID1A",1
"4","ARID2",1
